date,city,cases,temp_c,rain_mm,humidity
2024-01-01,Bengaluru,17,20.54549451705228,6.872128783173935,56.95795675289922
2024-01-02,Bengaluru,18,21.97172166805988,5.618406304039151,61.72908615066307
2024-01-03,Bengaluru,13,20.90820131422802,5.123180440973174,63.95536743985879
2024-01-04,Bengaluru,14,21.668252941204813,8.770542754670304,54.82587896237089
2024-01-05,Bengaluru,18,20.05102901293864,7.730996655545975,62.616927238013645
2024-01-06,Bengaluru,16,20.11865853188931,6.859095001453014,52.60287145685037
2024-01-07,Bengaluru,16,20.846627378843767,5.9618569669731984,60.603583003851554
2024-01-08,Bengaluru,16,21.11960473506052,7.390818979622981,60.58011903561038
2024-01-09,Bengaluru,18,22.40939448773992,9.244742910805025,61.36413344234449
2024-01-10,Bengaluru,17,20.774320296975592,7.13226783799339,61.259705679588194
2024-01-11,Bengaluru,16,21.580146485556675,6.612854719122746,60.6543163892073
2024-01-12,Bengaluru,12,22.907632908569543,8.499847149228383,62.1076034734437
2024-01-13,Bengaluru,18,22.21157519448937,9.733842307585313,64.93324772967931
2024-01-14,Bengaluru,18,22.147557198951613,12.92241983068589,65.37823760429411
2024-01-15,Bengaluru,14,22.558261271616185,8.230166236539214,64.92555356752803
2024-01-16,Bengaluru,15,21.35257628720756,11.348336407579646,61.78225436061467
2024-01-17,Bengaluru,18,21.49564565799101,10.67388567199131,70.35055593921074
2024-01-18,Bengaluru,18,21.2092895199182,11.096334411488982,72.87209405245065
2024-01-19,Bengaluru,14,23.16105425954846,14.942564134916688,59.097376810109104
2024-01-20,Bengaluru,16,24.02879185493419,12.32574918884752,66.65247785179555
2024-01-21,Bengaluru,18,24.02971496193005,10.62305738205461,63.77953123236413
2024-01-22,Bengaluru,19,24.56050649487939,14.501345256114114,71.03463745631483
2024-01-23,Bengaluru,17,25.022341948999276,14.614376751112683,66.62725348760507
2024-01-24,Bengaluru,17,23.862432760838317,11.227496435093338,67.23673732017221
2024-01-25,Bengaluru,16,23.801201635619083,11.075373818411425,69.7232316545684
2024-01-26,Bengaluru,21,25.488090992694094,14.49875200145466,66.03504201582054
2024-01-27,Bengaluru,19,23.45565640360638,13.812914346540508,76.1811646375215
2024-01-28,Bengaluru,17,23.12084881316845,13.123145533140022,70.61003882949218
2024-01-29,Bengaluru,16,24.1013133284423,16.346358306313874,72.98339893927053
2024-01-30,Bengaluru,16,24.123300155001324,13.202342570316972,67.48292851580848
2024-01-31,Bengaluru,22,24.764198916792186,15.366594299607996,68.22798201264125
2024-02-01,Bengaluru,19,24.00059879007018,16.99250243729314,73.15303395009497
2024-02-02,Bengaluru,18,25.352956039647957,14.067666381362336,72.89945426920659
2024-02-03,Bengaluru,18,24.544514817218523,11.173232822821516,63.34470769635375
2024-02-04,Bengaluru,18,26.469976613023423,14.093433701695773,70.46648695741575
2024-02-05,Bengaluru,19,24.17303859298572,15.32879217369742,72.4334474086298
2024-02-06,Bengaluru,19,25.35159240726644,16.989318981832387,69.64424416873877
2024-02-07,Bengaluru,19,25.27718735881132,13.956436678708648,72.4173284228957
2024-02-08,Bengaluru,17,25.961549854027894,18.442737184265734,70.3050161320667
2024-02-09,Bengaluru,21,26.7733921970517,12.379042934437908,59.72878474439364
2024-02-10,Bengaluru,18,26.22634467077788,15.267492669159433,64.62079360836842
2024-02-11,Bengaluru,18,25.942356788915923,14.40584336569618,76.25794964708997
2024-02-12,Bengaluru,18,26.870336488183614,17.505858955832274,70.36387646742268
2024-02-13,Bengaluru,17,27.127511174565395,11.77456221585052,72.731866985867
2024-02-14,Bengaluru,20,26.65631610430351,15.466135804438714,71.95755906179245
2024-02-15,Bengaluru,21,26.874517666598813,14.00243199275804,68.0364944545299
2024-02-16,Bengaluru,19,27.230506473444866,17.408444326226128,70.00936562928956
2024-02-17,Bengaluru,16,25.03398203709904,12.535798983824083,74.16582631471887
2024-02-18,Bengaluru,18,26.418192610771957,14.85007125089101,74.84685159516417
2024-02-19,Bengaluru,19,27.233331813833967,12.15364086945007,83.79910588232403
2024-02-20,Bengaluru,17,26.65056255785804,14.0011428913189,70.62785793417272
2024-02-21,Bengaluru,19,26.73602984414101,12.666050797388255,81.52352716746547
2024-02-22,Bengaluru,19,27.477983290018933,12.399239419589572,69.01620386153294
2024-02-23,Bengaluru,20,27.57649521373457,8.945318264547703,75.90334516820018
2024-02-24,Bengaluru,17,27.718508108617183,13.485859161335805,74.485829511496
2024-02-25,Bengaluru,21,26.528621771019985,10.215192493330344,73.09725705551212
2024-02-26,Bengaluru,23,25.969205671715525,9.856258091216551,73.82234967619218
2024-02-27,Bengaluru,23,28.25429771891577,8.67647614495017,70.85550804652667
2024-02-28,Bengaluru,19,26.76710766242229,9.360383328968066,78.59987872090196
2024-02-29,Bengaluru,22,26.75429405295591,12.147449666709752,69.9728361893583
2024-03-01,Bengaluru,21,26.717023270268957,11.711989529737448,75.8728323434763
2024-03-02,Bengaluru,20,28.8193960869968,11.78995732623836,78.15747781600176
2024-03-03,Bengaluru,20,27.92659777319972,8.051818729540754,81.38583601902594
2024-03-04,Bengaluru,22,28.09989283758739,10.169571596236729,79.40391504299524
2024-03-05,Bengaluru,22,28.486293664554434,8.135097816183725,77.48103938447667
2024-03-06,Bengaluru,19,27.79030217104304,10.893470275139045,71.49760149948487
2024-03-07,Bengaluru,22,28.87783269648968,9.447148693013506,70.81826967688788
2024-03-08,Bengaluru,23,26.697339583928997,6.886844699232754,69.10862321168014
2024-03-09,Bengaluru,22,26.83404840903437,9.88014170646264,68.67802605559449
2024-03-10,Bengaluru,23,26.80090152711839,8.407845324158226,74.88361292074909
2024-03-11,Bengaluru,15,28.381848250007568,4.209090460315124,71.28825352398721
2024-03-12,Bengaluru,21,28.48159121699826,3.2264888917519072,80.9495785239472
2024-03-13,Bengaluru,20,27.514063640331912,3.457826812866706,72.08015268665801
2024-03-14,Bengaluru,22,27.76215280660476,9.033190431441747,75.46113760322129
2024-03-15,Bengaluru,18,29.26707704813959,3.284232518399842,73.6749182465698
2024-03-16,Bengaluru,19,27.30545340727616,8.647212360174281,67.9805058191341
2024-03-17,Bengaluru,21,28.29267302432473,2.3402545129345618,80.44202959491055
2024-03-18,Bengaluru,18,27.30534363573835,1.7080486925412837,78.46064699839663
2024-03-19,Bengaluru,20,29.077324478464483,5.398238471164061,79.01764198247332
2024-03-20,Bengaluru,20,28.596542645019458,5.074339665638209,77.914951665145
2024-03-21,Bengaluru,19,26.55244284604725,3.9230407545659327,71.11138283512159
2024-03-22,Bengaluru,21,27.67029995508643,3.7555736451368262,71.17056952019307
2024-03-23,Bengaluru,17,25.828328755428757,0.3966580755474505,77.08619235563746
2024-03-24,Bengaluru,18,28.780534032483047,3.267755036902224,82.48974492643141
2024-03-25,Bengaluru,19,29.896650686563284,1.689590634977613,76.64741024354447
2024-03-26,Bengaluru,17,25.634697851468463,0.0935893594252542,79.54571895575927
2024-03-27,Bengaluru,22,26.35038657099448,0.6352977356204282,71.95342320463205
2024-03-28,Bengaluru,18,27.90371731741736,2.197310060313621,79.99499936331398
2024-03-29,Bengaluru,21,27.67343422024404,0.4983763203817506,72.32495747157643
2024-03-30,Bengaluru,18,27.233147131987707,0.0,75.53328192584254
2024-03-31,Bengaluru,21,25.855096187986835,0.8030690347539651,72.40553740792713
2024-04-01,Bengaluru,16,27.861534206925693,0.3183979836645705,78.57969470016678
2024-04-02,Bengaluru,22,28.367643793430297,0.0,78.53905358670691
2024-04-03,Bengaluru,21,30.2658549399624,0.0,66.52647489529947
2024-04-04,Bengaluru,18,28.66162099915222,0.0,80.41586369051478
2024-04-05,Bengaluru,17,25.98783320442751,0.0,85.54432570698737
2024-04-06,Bengaluru,20,27.20365636955994,0.0,71.75248867369676
2024-04-07,Bengaluru,16,27.73343790374938,0.0,72.75604248349764
2024-04-08,Bengaluru,19,26.37575771273732,0.0,79.44218489668941
2024-04-09,Bengaluru,17,27.76357086776253,0.0,73.42801015069043
2024-04-10,Bengaluru,18,27.603392619115496,0.0,72.91765625454433
2024-04-11,Bengaluru,17,28.05078365556809,0.0,82.26001355662255
2024-04-12,Bengaluru,17,27.52606718754736,0.0,65.83568500723456
2024-04-13,Bengaluru,22,26.916399527248384,0.0,68.48878911897003
2024-04-14,Bengaluru,20,25.89782739707465,0.0,74.34366336293593
2024-04-15,Bengaluru,16,25.144297809284392,0.0,63.9723577877044
2024-04-16,Bengaluru,17,26.55516723742515,0.0,70.01523739411817
2024-04-17,Bengaluru,20,25.82829383709899,0.0,69.77441171614139
2024-04-18,Bengaluru,20,25.81815558842254,0.0,76.293905650041
2024-04-19,Bengaluru,15,27.13766343072912,0.0,74.74402693502788
2024-04-20,Bengaluru,20,27.27266062759309,1.600453603444751,62.653369906704455
2024-04-21,Bengaluru,19,24.553626747419734,0.0,67.38874584846421
2024-04-22,Bengaluru,14,25.46126325114108,0.0,67.1841445615125
2024-04-23,Bengaluru,17,25.11868471980035,0.0,69.32691416018001
2024-04-24,Bengaluru,18,25.744543006856844,0.0,64.69282848605484
2024-04-25,Bengaluru,18,23.0387035769502,0.0,72.20507958347027
2024-04-26,Bengaluru,15,23.71714765157005,0.0,66.23778772213035
2024-04-27,Bengaluru,16,24.93120862157002,0.0,72.4094288449094
2024-04-28,Bengaluru,16,25.703307311546418,0.0,69.20546398191858
2024-04-29,Bengaluru,16,24.858800103717407,0.0,64.10370436669274
2024-04-30,Bengaluru,16,25.319221435269405,0.0,75.65585094287442
2024-05-01,Bengaluru,17,24.707175436022712,0.0,75.5446339057947
2024-05-02,Bengaluru,18,25.64631789786884,0.0,69.64552968378275
2024-05-03,Bengaluru,21,25.714147457259287,0.0,66.73195626408072
2024-05-04,Bengaluru,19,23.32416152501881,0.0,62.37720670597167
2024-05-05,Bengaluru,20,24.822830600575504,0.0,72.74153921333955
2024-05-06,Bengaluru,16,24.30012622454008,0.0,71.22321019275257
2024-05-07,Bengaluru,15,26.14782179304276,0.0,62.76093336485855
2024-05-08,Bengaluru,18,22.69485688673946,0.0,63.11473365488388
2024-05-09,Bengaluru,17,23.22395235809375,0.0,68.548392112989
2024-05-10,Bengaluru,18,22.154935085454063,0.0,60.09879761093778
2024-05-11,Bengaluru,15,22.05938593466567,0.6133366166864729,62.55717194394242
2024-05-12,Bengaluru,18,23.261660648305025,0.0,60.18985285012421
2024-05-13,Bengaluru,16,22.924144503786373,0.0,60.05570698291685
2024-05-14,Bengaluru,15,23.101356176036163,0.0,61.199499558001456
2024-05-15,Bengaluru,15,22.91983242643777,0.008008348861562,69.03016833313154
2024-05-16,Bengaluru,17,22.00355375583652,0.2021158010082978,55.4257535520374
2024-05-17,Bengaluru,17,21.834778485259008,0.0436922305343472,66.06239181356455
2024-05-18,Bengaluru,15,20.943726581828543,0.0,64.87947162836436
2024-05-19,Bengaluru,16,21.04973336987645,0.0,68.1246332094766
2024-05-20,Bengaluru,16,21.52967511475628,0.0,64.25988910686665
2024-05-21,Bengaluru,17,21.61839520677541,1.110828049054765,60.77086381091934
2024-05-22,Bengaluru,17,21.966414495120635,1.817216887886285,58.27775125442327
2024-05-23,Bengaluru,19,21.69819385256215,1.982090236959995,66.99455810599096
2024-05-24,Bengaluru,14,22.479635528701685,2.480500500913617,64.21453810215638
2024-05-25,Bengaluru,18,19.78268886502565,6.882485888145959,58.95065350127496
2024-05-26,Bengaluru,16,20.355276188066707,5.232819397843526,65.64679911841601
2024-05-27,Bengaluru,13,19.534782100567558,6.327665797799399,58.55827140540442
2024-05-28,Bengaluru,14,21.529413285740237,5.298525548578166,60.468027328239074
2024-05-29,Bengaluru,16,19.581580555955068,4.9346808333477385,57.13518354006089
2024-05-30,Bengaluru,16,21.070973008293148,6.030040990513178,62.5116074392171
2024-05-31,Bengaluru,13,21.2006599173479,6.081642779780668,54.55630659334155
2024-06-01,Bengaluru,13,19.99335030669546,7.664724132520176,57.71939407823427
2024-06-02,Bengaluru,13,19.705197229014253,4.5153998420459525,55.62499058616172
2024-06-03,Bengaluru,13,19.28326818796136,8.32949949692904,59.90222801295404
2024-06-04,Bengaluru,11,18.76033520069763,7.625126914500015,60.21264191032526
2024-06-05,Bengaluru,10,18.47328204340197,4.083793636271961,52.43669562809793
2024-06-06,Bengaluru,14,18.596956672753645,8.271604359160216,59.67785706250114
2024-06-07,Bengaluru,15,20.40301282554577,5.884443487661391,49.95132264729482
2024-06-08,Bengaluru,15,17.371667893719604,7.817426034591867,67.98522168598065
2024-06-09,Bengaluru,11,18.453721549614944,8.952716808383336,54.159720264547545
2024-06-10,Bengaluru,11,18.796780649886937,6.633027982754344,61.65656836053135
2024-06-11,Bengaluru,13,17.638306604700475,9.907675506502096,57.11086154915947
2024-06-12,Bengaluru,14,18.17688986258065,10.511162946080638,57.01049155135661
2024-06-13,Bengaluru,16,16.095319488327853,12.23395179401319,49.669482810164894
2024-06-14,Bengaluru,15,18.7651380641872,10.155742400948212,59.41738226641822
2024-06-15,Bengaluru,13,18.412547628193828,11.940983580650238,55.14585862848339
2024-06-16,Bengaluru,14,17.025477473966433,11.51867962230416,56.9580172684346
2024-06-17,Bengaluru,12,16.08784196792726,11.178585590582758,53.86082432308503
2024-06-18,Bengaluru,13,17.605689428816977,8.967205052500503,54.67419896688951
2024-06-19,Bengaluru,13,15.511192644572368,12.36548436942492,49.30035223673072
2024-06-20,Bengaluru,16,15.502684028336825,14.344633001241558,52.68674729255843
2024-06-21,Bengaluru,14,16.30323686097203,11.24122371794516,51.06964086847961
2024-06-22,Bengaluru,12,17.726034890914992,12.911818231088812,49.36213149358251
2024-06-23,Bengaluru,12,16.701396595147372,13.43039770042636,53.28665633449717
2024-06-24,Bengaluru,13,15.268380417826412,15.985102180787532,54.15826400624701
2024-06-25,Bengaluru,10,14.089642150057392,14.033778447361009,53.32587272034841
2024-06-26,Bengaluru,12,15.671492089507092,14.727231291551544,51.29489291808383
2024-06-27,Bengaluru,13,15.741554727565877,14.295076576577,53.5995445407718
2024-06-28,Bengaluru,14,15.279505556199492,13.472662611588278,52.49635663076193
2024-06-29,Bengaluru,14,17.022882313967845,12.316509596961556,51.51855596073021
2024-06-30,Bengaluru,13,14.950881003150451,14.126567604194337,51.61101989876773
2024-07-01,Bengaluru,9,12.669176071215809,15.577559485741642,56.44869578394889
2024-07-02,Bengaluru,10,14.414874805210776,15.113831160884846,44.26590912433768
2024-07-03,Bengaluru,11,15.149663312621067,17.88612260040885,48.46017927729861
2024-07-04,Bengaluru,14,14.9572629438978,16.86067097423382,51.51030860901278
2024-07-05,Bengaluru,14,14.271431823668056,17.47435474528487,41.67652694365496
2024-07-06,Bengaluru,11,13.986087956870913,10.935308784733994,56.27849643464985
2024-07-07,Bengaluru,17,12.211383751528723,18.147492888215684,50.41972682173545
2024-07-08,Bengaluru,15,14.1820341424343,15.493768766587776,53.71500267126764
2024-07-09,Bengaluru,14,13.645504283911292,15.731727155761575,54.31904763025614
2024-07-10,Bengaluru,13,14.123897055947774,16.642152755662632,50.57722809562385
2024-07-11,Bengaluru,13,14.25916134521095,14.811558331163525,37.15179160626224
2024-07-12,Bengaluru,12,14.904917272773442,12.529735447302748,48.85818779751755
2024-07-13,Bengaluru,8,12.607058494908584,17.449805646000378,48.98935381056008
2024-07-14,Bengaluru,9,12.17025870140075,12.886165100940431,42.31111782698635
2024-07-15,Bengaluru,11,12.794777391734977,12.302152105045185,38.618027946597245
2024-07-16,Bengaluru,12,12.540582320663852,13.639584665449254,49.70117569973208
2024-07-17,Bengaluru,11,12.361166485451465,13.154692358782762,40.97887842672483
2024-07-18,Bengaluru,12,14.544891611689687,13.737062251230808,57.36955824012412
2024-07-19,Bengaluru,7,13.164857005318646,13.320363365512604,48.221513534903934
2024-07-20,Bengaluru,12,14.908374302367468,15.98332938156426,53.51252266203589
2024-07-21,Bengaluru,11,12.855569394674571,13.965365702826356,46.76576665502516
2024-07-22,Bengaluru,11,11.61257577021233,11.074565952745818,50.22854205102821
2024-07-23,Bengaluru,13,11.905276219433487,11.078832658097,46.6040399129572
2024-07-24,Bengaluru,9,13.67012227002856,11.459864409275143,51.2384901324745
2024-07-25,Bengaluru,10,11.44727877183131,11.171460353080164,35.89796019630796
2024-07-26,Bengaluru,11,13.07774670278056,10.601738308781044,50.415495579165885
2024-07-27,Bengaluru,9,12.105160093896774,9.107395407173344,49.20990697288877
2024-07-28,Bengaluru,7,11.47745822209727,11.560190982702098,44.99289882476371
2024-07-29,Bengaluru,8,13.7425274283554,9.726124817842033,43.62169500706449
2024-07-30,Bengaluru,10,11.719540933146488,8.381721967443797,44.08218931520085
2024-07-31,Bengaluru,10,11.436031741552126,10.894931966170317,46.90809002844592
2024-08-01,Bengaluru,11,12.143621658515652,11.249586057495687,51.48741195715822
2024-08-02,Bengaluru,9,11.676623335689118,8.684585665806505,42.67566838960804
2024-08-03,Bengaluru,8,14.365644164958018,12.353375437496618,36.77364878987749
2024-08-04,Bengaluru,11,13.180278841903364,12.82929275212142,57.64775782471492
2024-08-05,Bengaluru,10,11.501972031053164,8.99387868045843,48.53161867289656
2024-08-06,Bengaluru,11,11.59356190400719,6.659025504057756,43.17312758341311
2024-08-07,Bengaluru,9,10.029187452880429,7.72651670145483,51.03542558488805
2024-08-08,Bengaluru,6,12.169287190344656,4.327820825672129,49.72825114517529
2024-08-09,Bengaluru,5,11.271590503536878,4.617939275831817,47.49638033049141
2024-08-10,Bengaluru,9,12.096951875401714,2.5788429201022325,42.63150496485586
2024-08-11,Bengaluru,10,10.03648567202432,4.268178355953727,48.34178715791273
2024-08-12,Bengaluru,9,11.973354060781803,2.6400275548069163,50.448001112408704
2024-08-13,Bengaluru,9,13.699664858889138,5.932955693358676,36.40149924977511
2024-08-14,Bengaluru,7,12.059550005838792,2.766855950430913,46.13261649349768
2024-08-15,Bengaluru,6,11.238672135904045,4.400044129113219,46.51591786942719
2024-08-16,Bengaluru,11,12.004359754290604,4.926279627031806,46.37693295564517
2024-08-17,Bengaluru,9,11.975571511376678,5.359588708874271,45.30558104676107
2024-08-18,Bengaluru,9,14.25016214797186,1.899994274502358,51.0397322652987
2024-08-19,Bengaluru,7,11.747502655990935,2.82228436205342,44.09406143188597
2024-08-20,Bengaluru,8,10.90256395686859,2.485121648467026,45.18455511622661
2024-08-21,Bengaluru,10,12.156313940403466,3.949061979719456,46.83118115197233
2024-08-22,Bengaluru,10,12.362860536380715,2.5831052597054867,44.42339104824107
2024-08-23,Bengaluru,10,12.76555348502719,3.240825095381462,38.45110156375617
2024-08-24,Bengaluru,12,12.998392411028531,0.0,46.52558251993931
2024-08-25,Bengaluru,9,14.240955124396542,0.0,46.66246133476994
2024-08-26,Bengaluru,12,11.7359703526662,1.6010982632919553,43.79598844480789
2024-08-27,Bengaluru,10,11.694675460140838,0.3517607210310225,45.05322267545166
2024-08-28,Bengaluru,10,10.580044113617165,0.0,30.0
2024-08-29,Bengaluru,12,13.152130596804934,0.0,51.96167430308794
2024-08-30,Bengaluru,9,11.662774697997593,0.0,50.53656787324688
2024-08-31,Bengaluru,9,13.504755247644914,0.0,39.460202162081714
2024-09-01,Bengaluru,7,12.187519853673866,0.0,42.89607896347415
2024-09-02,Bengaluru,12,14.474509217714068,0.0,53.64614039137114
2024-09-03,Bengaluru,11,11.387642871300791,0.0,40.765402413921855
2024-09-04,Bengaluru,12,13.919843756133696,0.0,49.074015170145046
2024-09-05,Bengaluru,11,13.879665829033584,0.0,44.36958496876177
2024-09-06,Bengaluru,12,13.584406396831804,0.0,49.03414095536505
2024-09-07,Bengaluru,9,12.025638418387151,0.0,47.39363159586288
2024-09-08,Bengaluru,12,13.76215299808014,0.0,45.89196993693626
2024-09-09,Bengaluru,10,13.448965977848417,0.0,49.42153043572923
2024-09-10,Bengaluru,10,11.585872862438082,0.0,45.19000608235291
2024-09-11,Bengaluru,12,15.071347150442344,0.0,38.915849686549535
2024-09-12,Bengaluru,15,13.26727227648384,0.0,43.38554557948289
2024-09-13,Bengaluru,12,15.19673129087514,0.0,42.97729486594043
2024-09-14,Bengaluru,12,13.753257099479695,0.0,40.393626490861294
2024-09-15,Bengaluru,10,14.911378076031603,0.0,50.463972855612646
2024-09-16,Bengaluru,11,13.180341123870782,0.0,47.96091573871821
2024-09-17,Bengaluru,11,14.367747240103492,0.0,50.807165864877234
2024-09-18,Bengaluru,14,14.413282061770252,0.0,51.858769406721706
2024-09-19,Bengaluru,11,14.064297322218534,0.0,53.25965358932215
2024-09-20,Bengaluru,14,13.639711962766794,0.0,51.73886141202165
2024-09-21,Bengaluru,9,11.56559517273514,0.0,45.03769933523123
2024-09-22,Bengaluru,14,13.912467804838863,0.0,53.069303651253215
2024-09-23,Bengaluru,10,15.586882255966724,0.0,51.52097333802163
2024-09-24,Bengaluru,13,13.621547556225211,0.0,61.60698096771547
2024-09-25,Bengaluru,10,13.96124787895808,0.0,50.94468204709009
2024-09-26,Bengaluru,13,13.849265020664134,0.0,53.07223860809373
2024-09-27,Bengaluru,10,15.629844651975016,0.0,50.94016546029935
2024-09-28,Bengaluru,14,14.66640063389534,0.0,51.91911778908636
2024-09-29,Bengaluru,14,16.920961543648435,0.0,51.84559304167508
2024-09-30,Bengaluru,11,16.577948106835805,0.0,50.03312286846524
2024-10-01,Bengaluru,13,16.18799776609933,0.0,53.36403148030277
2024-10-02,Bengaluru,14,16.438140313183222,0.0,55.86040967300436
2024-10-03,Bengaluru,10,15.519266551000152,0.0,50.93161902249018
2024-10-04,Bengaluru,10,15.66918764405986,0.0,57.48764194890352
2024-10-05,Bengaluru,10,17.29414804426744,0.0,57.16490445615915
2024-10-06,Bengaluru,10,17.649263546310852,0.0,49.47844784588017
2024-10-07,Bengaluru,10,17.592325266822368,0.0,49.35041929986332
2024-10-08,Bengaluru,15,16.57504487139774,0.0,56.70131861519927
2024-10-09,Bengaluru,14,16.811174650927907,0.0,51.81700244094462
2024-10-10,Bengaluru,9,16.428844445962,0.0,49.822574065715706
2024-10-11,Bengaluru,12,18.288125048539456,0.0,63.93424575191996
2024-10-12,Bengaluru,11,15.71878078781044,0.0,50.81880533447672
2024-10-13,Bengaluru,15,15.63738952588677,0.0,48.33507119184844
2024-10-14,Bengaluru,12,15.999109016458457,0.09403049475724,52.33897378709936
2024-10-15,Bengaluru,10,16.024503055749335,0.6613596489972553,57.72172660319469
2024-10-16,Bengaluru,14,19.688366505743883,0.2042322035999746,57.23880839463183
2024-10-17,Bengaluru,15,19.282801117413328,1.7254786773600177,66.6160591892799
2024-10-18,Bengaluru,12,17.462833427692974,0.0,53.64821656621624
2024-10-19,Bengaluru,13,18.721522473038306,0.1939267601869563,58.98226087192539
2024-10-20,Bengaluru,12,20.459788866619665,0.2195627135294202,63.756191615891936
2024-10-21,Bengaluru,17,19.661184448674764,4.673745481202007,55.13176918458765
2024-10-22,Bengaluru,14,21.44271991576344,7.939115541881293,62.25926537995605
2024-10-23,Bengaluru,13,19.381731918267345,1.9808589560195649,49.89414084388044
2024-10-24,Bengaluru,14,19.008716063626974,3.689945085805917,68.16353834080283
2024-10-25,Bengaluru,14,18.75079122428508,3.19298527726846,64.65860204060894
2024-10-26,Bengaluru,16,20.02364465579944,5.442450481615881,56.59662501395513
2024-01-01,Hyderabad,18,21.21604722592889,4.592988929632487,54.510899208771015
2024-01-02,Hyderabad,18,21.3917228600503,6.615320467378722,62.52349932469917
2024-01-03,Hyderabad,19,19.95421762940798,6.309550757610693,65.74284843424789
2024-01-04,Hyderabad,15,20.809115580787488,6.891658704733158,60.22557357073545
2024-01-05,Hyderabad,17,22.16015626249781,7.996295485296232,62.95860593215014
2024-01-06,Hyderabad,13,22.36601298061266,6.496311828746244,68.56605555253648
2024-01-07,Hyderabad,15,20.130095352535168,5.606018008118801,59.86049345203908
2024-01-08,Hyderabad,14,21.7647898369176,8.848495773580781,63.99984615114924
2024-01-09,Hyderabad,17,21.7617755433958,8.034440239737675,59.66075768657158
2024-01-10,Hyderabad,16,22.430391790601647,7.796743138396804,59.8344764661972
2024-01-11,Hyderabad,17,22.91239196359205,10.132931175273823,64.83841829940319
2024-01-12,Hyderabad,15,20.79183165226213,12.014843824819142,64.64336220198456
2024-01-13,Hyderabad,18,21.305353306056126,9.52310492570322,66.51790846843355
2024-01-14,Hyderabad,12,23.065982925563787,10.212738577470557,64.42774531547761
2024-01-15,Hyderabad,16,22.467794404999243,8.186706538011494,66.67527093052564
2024-01-16,Hyderabad,17,20.25288758116261,10.449450996890205,72.97783633920389
2024-01-17,Hyderabad,13,20.973116330087173,11.671609512307471,70.24842472446471
2024-01-18,Hyderabad,18,23.460076412850785,11.511327785958962,66.93722712788208
2024-01-19,Hyderabad,17,23.79348339475051,11.13951986343997,68.06398337701872
2024-01-20,Hyderabad,19,21.76044940081091,13.615008254463916,64.33662200452494
2024-01-21,Hyderabad,22,24.363296039454028,12.566182562642746,65.32429543929695
2024-01-22,Hyderabad,19,23.21973117122292,17.9014580497862,68.86895184519715
2024-01-23,Hyderabad,20,22.545645600157364,13.399333914211166,67.12847561722691
2024-01-24,Hyderabad,20,23.15748948630163,7.736832953555675,70.93594096181413
2024-01-25,Hyderabad,19,22.64306612734383,11.237184060315226,73.58375755484131
2024-01-26,Hyderabad,16,23.39621531447057,14.741951110579926,67.013907003503
2024-01-27,Hyderabad,15,22.28777362939484,12.592232584141492,57.74767655494649
2024-01-28,Hyderabad,19,24.225548484553585,12.901850406898788,78.23228481686249
2024-01-29,Hyderabad,17,25.0273114689394,11.755301602431675,65.06288929904012
2024-01-30,Hyderabad,21,23.231618496876848,13.43343902108783,69.56151501112254
2024-01-31,Hyderabad,18,24.732892441594107,14.91132400634979,72.4797217542058
2024-02-01,Hyderabad,19,24.04596645303688,15.414885130167406,76.13977734649035
2024-02-02,Hyderabad,16,25.652023730248857,12.706136798663165,78.3737139707593
2024-02-03,Hyderabad,18,22.799219766310102,16.442242518912934,67.76868466917959
2024-02-04,Hyderabad,17,25.953661634716543,12.516831088875628,75.77677280971629
2024-02-05,Hyderabad,17,23.549847498972404,15.82613690852904,71.054157247672
2024-02-06,Hyderabad,19,25.281124877095145,15.657400645580168,84.01176564478413
2024-02-07,Hyderabad,18,24.90318353390613,13.130041689111469,76.02491421577926
2024-02-08,Hyderabad,24,25.369957004548564,12.889919239171396,69.8576169292336
2024-02-09,Hyderabad,21,24.31729695744756,15.741268573115155,66.99717537819737
2024-02-10,Hyderabad,21,27.62027140490272,13.819440302859409,58.04230218565949
2024-02-11,Hyderabad,19,24.7843849096568,14.5031707424948,74.75640712552656
2024-02-12,Hyderabad,20,24.9714278444426,16.186348805381897,76.62802150948812
2024-02-13,Hyderabad,19,28.079306990234763,15.680130899876358,75.51071423165463
2024-02-14,Hyderabad,25,26.70981794367483,12.782977257977723,60.20877083990239
2024-02-15,Hyderabad,19,25.23266931583172,14.383736875953808,65.87293100022576
2024-02-16,Hyderabad,18,26.45508325124541,12.480732023068471,74.74887537788878
2024-02-17,Hyderabad,18,26.442179293662488,15.932794246181922,81.44869760793199
2024-02-18,Hyderabad,21,25.08134698465378,17.09246845446554,72.41410190306475
2024-02-19,Hyderabad,23,26.098835288607077,12.13983331993898,78.31464981288086
2024-02-20,Hyderabad,22,26.915789329757114,13.562684328540476,67.8445347108683
2024-02-21,Hyderabad,19,28.29059463961676,15.23970256551202,74.20597153909763
2024-02-22,Hyderabad,18,26.91425190399297,13.218120946761022,71.9449776212531
2024-02-23,Hyderabad,23,27.065205032105133,14.043199448849853,79.39829156862791
2024-02-24,Hyderabad,24,26.436282083086105,12.759903695641496,70.89728475915491
2024-02-25,Hyderabad,20,28.416736013948523,10.266063351459826,82.11164823071275
2024-02-26,Hyderabad,23,28.28933078377066,12.327467355676076,72.31207951740576
2024-02-27,Hyderabad,17,28.239245709544782,14.04161023453382,68.61926802529528
2024-02-28,Hyderabad,18,27.62136203498037,12.101066185381198,68.89881935489313
2024-02-29,Hyderabad,18,25.96724584732451,14.393838701629768,71.07377573056355
2024-03-01,Hyderabad,21,28.70544469452401,7.266635234721776,76.13803938151541
2024-03-02,Hyderabad,20,27.725695693599043,11.220630304436316,71.32828627290925
2024-03-03,Hyderabad,21,27.405979439626908,8.809764544864018,70.36243367383248
2024-03-04,Hyderabad,22,28.205828501095485,7.988746022839735,78.99410795617737
2024-03-05,Hyderabad,19,28.020932185154983,12.034702099335426,58.56279910029573
2024-03-06,Hyderabad,20,26.763474707896684,8.474000943083656,72.5368531330566
2024-03-07,Hyderabad,17,27.544346372337927,7.8920302606583,68.07595469974423
2024-03-08,Hyderabad,22,25.99004994749289,8.887033122897748,70.45874544560944
2024-03-09,Hyderabad,22,28.00568204938733,3.4939537297335628,76.06810352067365
2024-03-10,Hyderabad,21,29.27179876008557,10.102888522642914,73.86446988629558
2024-03-11,Hyderabad,21,26.16456461496876,10.791956742371044,73.44750721346766
2024-03-12,Hyderabad,19,28.10380159061105,8.399760144459522,80.90099474632052
2024-03-13,Hyderabad,17,28.65512421083994,6.977177935062736,74.90686984572805
2024-03-14,Hyderabad,21,28.810948139118004,5.301676144105539,84.02014278439744
2024-03-15,Hyderabad,21,27.25281668652348,3.1647331329083386,78.5590959787745
2024-03-16,Hyderabad,24,26.89765887356425,7.283059576276167,70.1662443983933
2024-03-17,Hyderabad,19,27.410188267948914,6.30757492558109,84.66528528843322
2024-03-18,Hyderabad,20,29.181930536717672,4.956011312930743,76.37376329762672
2024-03-19,Hyderabad,22,26.27179450820035,4.30559128793422,84.32377083405748
2024-03-20,Hyderabad,22,26.752149465694977,3.824477871563949,73.60974064873643
2024-03-21,Hyderabad,18,27.49259478752605,1.7595169677200369,76.26996674713682
2024-03-22,Hyderabad,19,26.95542976682224,7.40569071341716,77.03138517300233
2024-03-23,Hyderabad,19,27.865662811077637,1.4286545452194783,73.98568527858329
2024-03-24,Hyderabad,18,29.294604390900968,0.7483402589840468,81.13474707444485
2024-03-25,Hyderabad,23,26.64552328883361,3.4508099156307086,84.38042579685002
2024-03-26,Hyderabad,20,27.66877279497125,0.7657285937443435,63.18625417842189
2024-03-27,Hyderabad,19,27.76923429253105,0.4080689095452121,78.65687674107917
2024-03-28,Hyderabad,20,27.401810985279543,2.905157168174672,70.03322576420815
2024-03-29,Hyderabad,20,26.11346805445227,1.07190560556687,61.45825716290143
2024-03-30,Hyderabad,19,27.00616678161594,0.8215032706289322,76.91757685193251
2024-03-31,Hyderabad,18,26.957879853688173,0.0,76.83271037232059
2024-04-01,Hyderabad,22,28.171591332588143,0.0,77.53454970709173
2024-04-02,Hyderabad,18,27.899709239181824,0.0,75.88038302979884
2024-04-03,Hyderabad,17,25.86697374167737,0.0,78.28550641243369
2024-04-04,Hyderabad,19,26.96719671899862,0.0,70.77413051268266
2024-04-05,Hyderabad,23,26.78629398818499,0.0,74.97895168896598
2024-04-06,Hyderabad,17,29.17024306443896,0.0,77.01998343099605
2024-04-07,Hyderabad,20,27.43367336260229,0.0,80.15483095461063
2024-04-08,Hyderabad,18,25.98658074123008,0.0,73.46426328924932
2024-04-09,Hyderabad,19,26.206760943617997,0.0,72.02519504767429
2024-04-10,Hyderabad,21,26.52146942998317,0.9958679412991964,72.66133333212147
2024-04-11,Hyderabad,15,27.1757915152238,0.0,66.80720435995504
2024-04-12,Hyderabad,17,27.20874538044208,0.0,76.45529224288116
2024-04-13,Hyderabad,20,26.83173851983207,0.0,65.14702023564682
2024-04-14,Hyderabad,19,26.32599389844727,0.0,74.20936891034344
2024-04-15,Hyderabad,19,26.301376079587207,0.0,72.49295186838017
2024-04-16,Hyderabad,20,26.20718187285708,0.0,64.12542048404737
2024-04-17,Hyderabad,17,24.44921803152345,0.0,64.21550935785854
2024-04-18,Hyderabad,20,26.06406120445201,0.0,67.2165791840306
2024-04-19,Hyderabad,20,25.438618884215373,0.0,69.56005187504194
2024-04-20,Hyderabad,19,24.250906393002506,0.0,78.47190255910814
2024-04-21,Hyderabad,19,28.206875941709527,0.0,70.30068672524295
2024-04-22,Hyderabad,20,25.98299746304339,0.0,73.36686066034008
2024-04-23,Hyderabad,17,25.56499314837521,0.0,76.74282043032224
2024-04-24,Hyderabad,19,25.058506374258386,0.0,75.54640088986456
2024-04-25,Hyderabad,21,26.035203724575048,0.0,69.9115413092587
2024-04-26,Hyderabad,19,24.015685377405816,0.0,66.18109669091547
2024-04-27,Hyderabad,17,24.735999262665608,0.0,71.96059196336256
2024-04-28,Hyderabad,22,23.965021224567028,0.0,65.79187610839297
2024-04-29,Hyderabad,18,25.505072219935187,0.0,78.0431033243571
2024-04-30,Hyderabad,20,23.82097321635905,0.0,73.05345692632314
2024-05-01,Hyderabad,16,25.611194869969424,0.0,69.49948225479785
2024-05-02,Hyderabad,19,24.27075293652093,0.0,70.75716193804328
2024-05-03,Hyderabad,16,25.00275000525416,0.0,68.81941977586881
2024-05-04,Hyderabad,18,24.484483296555176,0.0,65.81702262327745
2024-05-05,Hyderabad,16,24.99843009478347,0.0,69.87902200517532
2024-05-06,Hyderabad,21,22.8568300800445,0.0,65.89555301605098
2024-05-07,Hyderabad,16,24.54877683290593,0.0,76.51435525211146
2024-05-08,Hyderabad,14,21.63010325252431,0.0,63.08528032194548
2024-05-09,Hyderabad,17,23.383814651239256,0.0,68.80777691842665
2024-05-10,Hyderabad,18,22.64128678646692,0.0,62.06238388252273
2024-05-11,Hyderabad,16,21.627780782772632,1.0725305980567317,61.71978339502248
2024-05-12,Hyderabad,15,21.982574501666583,0.7674829841640447,56.462231854074886
2024-05-13,Hyderabad,18,22.077945356967927,0.0,67.15475255495411
2024-05-14,Hyderabad,19,22.36335340002412,0.0,62.13749247376367
2024-05-15,Hyderabad,13,21.87522904713952,0.0,69.91709515468541
2024-05-16,Hyderabad,14,22.319218482200583,1.4685307923016546,66.26496291682352
2024-05-17,Hyderabad,15,21.247159238368603,0.0,64.6360937038162
2024-05-18,Hyderabad,15,21.43766761329913,0.0,56.53724109439213
2024-05-19,Hyderabad,17,21.46182160912018,0.0,66.20744091339162
2024-05-20,Hyderabad,20,21.768573113644976,4.736526407506884,59.66391341161691
2024-05-21,Hyderabad,15,22.270212846770896,0.0,55.50086695349312
2024-05-22,Hyderabad,19,22.109289610597425,1.9481712915524385,64.50686727926667
2024-05-23,Hyderabad,12,21.32681718457214,2.733971707881145,55.75103663382315
2024-05-24,Hyderabad,16,21.35281177974155,1.9116480573699723,51.27417417903479
2024-05-25,Hyderabad,14,21.067243873368696,1.9182132610536444,67.9020040693719
2024-05-26,Hyderabad,16,20.27321942284723,2.79579633591026,58.29858048330271
2024-05-27,Hyderabad,12,21.320669659383203,5.081898950208916,52.06522218912103
2024-05-28,Hyderabad,12,19.3376451238944,3.675883255426461,55.65977760232702
2024-05-29,Hyderabad,16,18.035908975847647,8.040966863314301,56.55234409742566
2024-05-30,Hyderabad,13,18.87445616909416,3.656047139677562,65.56353436868585
2024-05-31,Hyderabad,14,21.15099459872613,7.138215939890474,51.21242454387776
2024-06-01,Hyderabad,18,19.284480204737,2.5359702916279496,52.5178061098184
2024-06-02,Hyderabad,15,19.68626740747299,4.911830705670843,63.79977447684597
2024-06-03,Hyderabad,16,18.97067302590657,5.247420975537758,56.335004226751394
2024-06-04,Hyderabad,13,19.63910656569041,5.083182510618091,59.409966009176834
2024-06-05,Hyderabad,12,18.981379473236405,8.264912726081448,55.50287361321704
2024-06-06,Hyderabad,14,18.675781387235705,7.879786598713738,67.74855090248735
2024-06-07,Hyderabad,11,19.192412770117112,3.939223653733948,50.88646378614803
2024-06-08,Hyderabad,13,17.94784517006696,12.878492259868992,58.43593416517705
2024-06-09,Hyderabad,15,18.621190108536005,9.623130516580744,64.23186854723511
2024-06-10,Hyderabad,14,17.910753024621723,9.649586429469178,54.5353349843203
2024-06-11,Hyderabad,15,17.81525619282994,12.635395569508509,52.33615930928436
2024-06-12,Hyderabad,15,16.942209992015798,12.351948570722625,59.63702920034646
2024-06-13,Hyderabad,11,17.38396565162502,10.127457742622424,60.52017649077806
2024-06-14,Hyderabad,12,16.898852367624837,7.158246982114289,51.20065954605352
2024-06-15,Hyderabad,9,18.411319095513832,12.520804862582189,62.213605938438576
2024-06-16,Hyderabad,13,15.43983170948132,9.783812771034476,54.86342428575209
2024-06-17,Hyderabad,15,17.856937724676794,14.493655980164892,56.85820241795195
2024-06-18,Hyderabad,16,15.068533600541087,10.756032317585856,61.465389605003935
2024-06-19,Hyderabad,14,17.196527748484392,11.684951193703968,57.58011133683155
2024-06-20,Hyderabad,16,15.669577860033998,10.169245817157874,53.44995679962118
2024-06-21,Hyderabad,14,16.923168616209058,10.584066577109729,49.81112637748837
2024-06-22,Hyderabad,13,16.086634315910814,13.129235192287547,66.43251573577483
2024-06-23,Hyderabad,12,14.62846138332326,13.166853296295765,48.6689467457562
2024-06-24,Hyderabad,8,17.273994127659513,12.828455690182306,53.93197469705579
2024-06-25,Hyderabad,16,16.548386401428537,18.079586047666687,54.62195960853733
2024-06-26,Hyderabad,13,16.133147132874136,15.358349273165178,54.592744235357536
2024-06-27,Hyderabad,16,14.849763197276411,14.332875316556583,62.18408392515303
2024-06-28,Hyderabad,10,16.16337025124076,8.942622760995764,51.52338754629772
2024-06-29,Hyderabad,18,13.933239012137925,16.23699388946521,50.55559025893714
2024-06-30,Hyderabad,13,12.855161770251566,20.685784395231792,58.541655086960645
2024-07-01,Hyderabad,11,13.388970576199377,14.414940365779142,49.85426010477576
2024-07-02,Hyderabad,12,13.90002632706075,13.246653378621328,54.67139862144644
2024-07-03,Hyderabad,13,13.940181849983103,15.253738050462744,51.02510931937127
2024-07-04,Hyderabad,12,14.135522066299735,12.106149435695038,54.42431014668422
2024-07-05,Hyderabad,11,14.05767687528345,15.91736003277516,53.217447841501794
2024-07-06,Hyderabad,9,13.678467860652702,18.00029993191105,47.3500135210106
2024-07-07,Hyderabad,10,12.094691864160785,13.646962182379047,39.92557433482119
2024-07-08,Hyderabad,14,14.288386753823412,13.682864010401612,40.560950276428045
2024-07-09,Hyderabad,10,13.71945230653892,14.754484573457294,39.51834528200265
2024-07-10,Hyderabad,8,13.178303589356933,13.847659600544796,48.05898021476434
2024-07-11,Hyderabad,9,15.165893362563354,11.744289298584686,36.55163228321098
2024-07-12,Hyderabad,11,13.421683536173438,13.900021157140282,47.31976508699459
2024-07-13,Hyderabad,10,13.621155328678627,13.380971941124963,48.59875597827206
2024-07-14,Hyderabad,11,14.260091007699597,17.155718947856755,52.026583827829626
2024-07-15,Hyderabad,10,11.878883280631882,16.584336301583566,50.08829359366228
2024-07-16,Hyderabad,14,13.253565512052258,16.902812445954794,51.90225452676437
2024-07-17,Hyderabad,12,13.979123914184369,15.53015023126925,49.29435573399148
2024-07-18,Hyderabad,16,13.008656268122524,14.141014405736708,45.44476449499812
2024-07-19,Hyderabad,10,11.71309854709476,11.767963869901584,46.37591240626777
2024-07-20,Hyderabad,11,12.453505394794112,15.94130110173004,42.49674426319009
2024-07-21,Hyderabad,14,13.04762646344298,13.742299378210408,47.750382299881046
2024-07-22,Hyderabad,12,10.677574329129158,10.29409921554157,38.54987015926411
2024-07-23,Hyderabad,9,11.360789808530011,10.692104790636366,51.66789752684014
2024-07-24,Hyderabad,12,14.619203818919711,9.70875134046421,41.4276560474369
2024-07-25,Hyderabad,11,13.065720736476743,7.835804441387973,46.85884631237461
2024-07-26,Hyderabad,7,14.003340619232963,12.408270952306216,47.58214803625672
2024-07-27,Hyderabad,9,13.328230324557316,8.835128699595439,51.67970076648958
2024-07-28,Hyderabad,11,12.80126743793616,9.467496146168292,37.35784032466219
2024-07-29,Hyderabad,13,12.04692845726367,10.715013080215192,44.04021841587501
2024-07-30,Hyderabad,12,12.689320843851323,9.909539037759377,48.32693974614967
2024-07-31,Hyderabad,9,13.713566957014848,8.497097893328593,54.250172751596565
2024-08-01,Hyderabad,9,13.048053661235905,12.591800086072624,45.22307649770617
2024-08-02,Hyderabad,12,12.351671333377762,6.122550877902262,42.37488588844818
2024-08-03,Hyderabad,5,11.978311195158506,5.823670411758773,55.41742802667177
2024-08-04,Hyderabad,9,12.618245135998649,9.313939169236146,49.23765626276353
2024-08-05,Hyderabad,13,11.560621846217757,6.7478324450346125,52.04191220955402
2024-08-06,Hyderabad,11,12.567373425680074,6.266151389509422,39.08148201512491
2024-08-07,Hyderabad,8,11.350680236952115,5.030537530409392,47.69683751050086
2024-08-08,Hyderabad,8,11.677962651767787,7.453109329120609,39.64315533153457
2024-08-09,Hyderabad,12,10.990944380259185,6.812930240188733,38.50974844642733
2024-08-10,Hyderabad,10,11.569177449147451,6.182467414250928,47.92616374152647
2024-08-11,Hyderabad,9,11.319032108442306,4.359194478314644,48.26441155758278
2024-08-12,Hyderabad,11,13.692025787879857,3.603008848366756,42.590147403315314
2024-08-13,Hyderabad,10,11.106497795427854,4.3586545523836016,52.16204905401686
2024-08-14,Hyderabad,10,12.390244140214357,6.1982526200845545,43.16504267194009
2024-08-15,Hyderabad,7,11.066472003601,6.9831203423531925,43.67513428601914
2024-08-16,Hyderabad,8,12.071722515876546,5.653177371644603,44.866355773529
2024-08-17,Hyderabad,11,12.329735649517152,4.028378569649161,43.85994908091866
2024-08-18,Hyderabad,11,10.207225333291868,4.571195702801486,51.49567752528227
2024-08-19,Hyderabad,10,10.68264309688942,0.0,39.94212941985152
2024-08-20,Hyderabad,8,11.151184068853464,0.3725780981684947,41.42676640885412
2024-08-21,Hyderabad,11,10.83161889212749,2.453676228076823,39.2958168271944
2024-08-22,Hyderabad,9,12.251412500486932,0.7796673674407297,54.73132404974174
2024-08-23,Hyderabad,12,12.4458377274279,1.309147876780732,43.758511245814994
2024-08-24,Hyderabad,8,11.17955860542961,2.218922036956547,41.61234946659581
2024-08-25,Hyderabad,9,12.4096274758193,1.5422760536312805,44.09864100858099
2024-08-26,Hyderabad,9,11.907555440567355,0.0,49.86709435809717
2024-08-27,Hyderabad,11,12.281749170750135,0.0,49.03362461801276
2024-08-28,Hyderabad,10,11.805757301165896,0.0,42.938193832708926
2024-08-29,Hyderabad,10,12.978133562551356,0.0,43.92171318946214
2024-08-30,Hyderabad,9,14.185018320374414,0.0,38.754064738482974
2024-08-31,Hyderabad,10,13.387325183348873,0.0,46.842974670288974
2024-09-01,Hyderabad,10,14.072545615938829,0.0,52.6850023683874
2024-09-02,Hyderabad,8,11.345726462847407,0.0,43.49464777612067
2024-09-03,Hyderabad,10,12.145440658007718,0.0,49.71872095255908
2024-09-04,Hyderabad,10,13.462154085579014,0.0,43.77115675155787
2024-09-05,Hyderabad,15,14.48411744110424,0.0,41.35142337954211
2024-09-06,Hyderabad,9,13.708270385274156,0.0,50.38483018591158
2024-09-07,Hyderabad,9,12.116678032000827,0.0,58.88118840801832
2024-09-08,Hyderabad,11,12.796344842952706,0.0,50.02524712975984
2024-09-09,Hyderabad,8,13.655495673639852,0.0,45.40964013517224
2024-09-10,Hyderabad,8,13.25146955122,0.0,45.90841221217955
2024-09-11,Hyderabad,8,12.71430170298931,0.0,57.382940998485154
2024-09-12,Hyderabad,9,13.3226292490564,0.0,49.55905702243233
2024-09-13,Hyderabad,9,13.701077576091176,0.0,44.38700788724536
2024-09-14,Hyderabad,8,12.7359972441041,0.0,48.10309696360024
2024-09-15,Hyderabad,10,14.9135610852696,0.0,49.69267483818186
2024-09-16,Hyderabad,6,13.600251413052025,0.0,51.17081769976746
2024-09-17,Hyderabad,12,14.080736059464217,0.0,56.5976546062983
2024-09-18,Hyderabad,10,15.30439277236656,0.0,55.634505099183386
2024-09-19,Hyderabad,10,14.26289968350521,0.0,50.468503287921024
2024-09-20,Hyderabad,12,15.489293605123049,0.0,49.496776644148326
2024-09-21,Hyderabad,12,13.603195042657848,0.0,51.91567103304614
2024-09-22,Hyderabad,10,15.191183127948731,0.0,47.130508563456594
2024-09-23,Hyderabad,12,15.725695498104942,0.0,55.31199636020567
2024-09-24,Hyderabad,14,14.186909106636328,0.0,49.6390980791049
2024-09-25,Hyderabad,9,14.971011926420294,0.0,53.35959689331043
2024-09-26,Hyderabad,13,15.12645224439826,0.0,59.72400753120908
2024-09-27,Hyderabad,9,15.630595752814166,0.0,54.17832585700529
2024-09-28,Hyderabad,14,16.034608836328367,0.0,52.82815436573203
2024-09-29,Hyderabad,10,14.789412367825989,0.0,49.35172252631632
2024-09-30,Hyderabad,10,15.783273541415214,0.0,51.815870461891095
2024-10-01,Hyderabad,14,17.579191875722945,0.0,46.79701020202981
2024-10-02,Hyderabad,14,17.188067438232174,0.0,55.41760819617159
2024-10-03,Hyderabad,11,17.07605846889369,0.0,42.35734527693512
2024-10-04,Hyderabad,13,16.23910067211997,0.0,58.15180833395585
2024-10-05,Hyderabad,11,18.711952322412557,0.0,57.2517706047415
2024-10-06,Hyderabad,9,17.765685711180073,0.0,54.37066873257941
2024-10-07,Hyderabad,13,16.927481762838255,0.0,51.5037834568849
2024-10-08,Hyderabad,12,17.266038243411842,0.0,54.379252002913255
2024-10-09,Hyderabad,11,16.74364707370915,0.0,45.88453123213841
2024-10-10,Hyderabad,15,17.75397291892533,0.0,59.17013031838543
2024-10-11,Hyderabad,11,18.112946245008487,0.0,54.53063582485082
2024-10-12,Hyderabad,13,18.38284443439784,1.884850558569318,63.226599030795256
2024-10-13,Hyderabad,15,17.660941938553357,0.2121792023874613,57.91299985826736
2024-10-14,Hyderabad,13,16.53026905128163,0.0,57.414609580852776
2024-10-15,Hyderabad,12,18.40898068462349,2.250604499620171,58.56822632512223
2024-10-16,Hyderabad,14,19.038019110176343,1.5136023955416882,51.99349507645817
2024-10-17,Hyderabad,15,17.517442413487856,2.29668645119999,54.92502270322213
2024-10-18,Hyderabad,15,18.570597451380657,0.662016112544064,58.15492597313339
2024-10-19,Hyderabad,18,20.168921204966143,4.367048581950419,56.28865750338623
2024-10-20,Hyderabad,13,17.790523434701257,4.761491882494539,55.23118481416423
2024-10-21,Hyderabad,15,18.877251477973875,2.5458977159902823,57.01486682556479
2024-10-22,Hyderabad,12,20.815482795730983,4.763691229925873,58.96129391657553
2024-10-23,Hyderabad,16,19.653713406473933,5.94547642010745,70.64870768353482
2024-10-24,Hyderabad,15,19.1378631817593,3.229685107563749,57.742808868699775
2024-10-25,Hyderabad,14,19.824868797861782,4.4173664672298125,56.29766583930597
2024-10-26,Hyderabad,14,20.82591713227828,5.159582714404808,59.2363550403819
2024-01-01,Chennai,14,19.651572914652117,2.658471306614792,52.98250761388445
2024-01-02,Chennai,16,20.40443261884051,4.713701320492047,64.03347231647238
2024-01-03,Chennai,14,19.3699546022108,8.942851496611901,59.97172287178512
2024-01-04,Chennai,14,20.196882369464536,5.914195796181241,66.93529781770981
2024-01-05,Chennai,14,20.688334395672623,7.292331432797293,65.42430901420616
2024-01-06,Chennai,16,19.29939404602532,3.15135534964764,52.83165976903744
2024-01-07,Chennai,16,19.95470416205544,7.882523315199587,68.46392494299842
2024-01-08,Chennai,15,20.51254008425484,8.071520599519832,71.69727092724901
2024-01-09,Chennai,14,22.906801703361285,2.952610549638404,67.67783624124111
2024-01-10,Chennai,13,20.67327910343184,9.274743474165149,68.18931007927945
2024-01-11,Chennai,19,21.612982775710176,5.778199483347265,61.89059158750048
2024-01-12,Chennai,16,20.79224391469585,8.009451332607595,61.05303759724513
2024-01-13,Chennai,22,21.219628418943145,11.821205718290678,64.804782745926
2024-01-14,Chennai,18,20.7173657977085,10.5107425540298,68.646478357458
2024-01-15,Chennai,20,22.99006600482293,9.653340794324723,68.8232248846281
2024-01-16,Chennai,19,21.15458253128338,9.82668981501954,62.4613282408212
2024-01-17,Chennai,17,23.54640978537764,10.393044151339437,62.25307720545877
2024-01-18,Chennai,16,23.265400467606785,11.873993892316031,57.79455140224111
2024-01-19,Chennai,15,22.878970625112263,9.462545814356451,68.77404801211283
2024-01-20,Chennai,20,24.049963000484347,14.412159850490111,63.88222570183592
2024-01-21,Chennai,18,26.36732975344028,10.155039847731071,64.61501690941914
2024-01-22,Chennai,19,23.89440414344097,9.269736747343664,75.04602309072735
2024-01-23,Chennai,20,22.44805910794794,14.9662016483931,69.68216902756957
2024-01-24,Chennai,19,25.206803036062738,12.355996010817629,68.58534101150222
2024-01-25,Chennai,17,24.051920809918265,13.60216645910372,71.3993789899896
2024-01-26,Chennai,20,26.123249698992357,14.986974586059524,74.62580684568422
2024-01-27,Chennai,18,23.650621378340077,12.439978288234649,59.70635544970618
2024-01-28,Chennai,19,25.581325456242254,14.338602447264702,65.23319800316722
2024-01-29,Chennai,20,24.44003601036413,15.530191253514207,67.16468747151293
2024-01-30,Chennai,19,27.2357718137997,17.673373734138437,63.69399683411144
2024-01-31,Chennai,15,24.434271415475923,13.501350709603637,67.516152455601
2024-02-01,Chennai,21,27.852287119003613,13.7173193006739,61.33923514540674
2024-02-02,Chennai,21,25.42304894773339,15.872581340309363,73.95443922940387
2024-02-03,Chennai,15,25.96059161572417,15.248616220397642,67.00052740434472
2024-02-04,Chennai,17,26.942105230603616,14.62549774949581,70.83310596443252
2024-02-05,Chennai,23,24.57984980628666,18.13560465556372,70.32080077908363
2024-02-06,Chennai,19,26.46016206934529,11.618432557683615,73.0828442993424
2024-02-07,Chennai,19,25.31934830951803,12.15526715826472,58.21824271861966
2024-02-08,Chennai,18,25.881778810678355,11.654786411828535,72.99630597658502
2024-02-09,Chennai,17,25.92974897163558,17.38004761390534,69.58708086327529
2024-02-10,Chennai,19,26.532544500820745,15.968651982505694,73.20957044430271
2024-02-11,Chennai,21,26.60113231451913,12.142679265380966,65.48576143743416
2024-02-12,Chennai,19,25.603886530402857,14.565610386853862,73.65414807123338
2024-02-13,Chennai,21,26.409340576144142,14.666505390736464,78.2759713082759
2024-02-14,Chennai,23,24.05278048823936,10.196427049759706,72.92467437574427
2024-02-15,Chennai,19,27.477099504076765,14.86744951243889,68.57678181551334
2024-02-16,Chennai,20,28.27781263083037,11.995070302587532,68.97710102373829
2024-02-17,Chennai,22,26.86853681163034,15.606253440051256,75.40228543500423
2024-02-18,Chennai,18,25.16297560875565,11.725552234342535,75.54009247764367
2024-02-19,Chennai,20,27.60004551885244,14.268343591367826,74.6397684435562
2024-02-20,Chennai,24,26.178400525032195,16.214159002052906,72.8289436780895
2024-02-21,Chennai,19,27.206493078507147,15.353900704876253,74.18513125259148
2024-02-22,Chennai,22,27.78859087461538,14.18402869753872,72.99373286001706
2024-02-23,Chennai,20,27.7253006192378,12.757517721205504,71.55593900314125
2024-02-24,Chennai,23,28.332304003906344,9.656482558445916,77.38385096460473
2024-02-25,Chennai,17,27.46722587246983,11.501479086635094,75.27716901709358
2024-02-26,Chennai,20,27.56037064222674,11.63760498277452,80.30335024511706
2024-02-27,Chennai,17,28.186701311006924,11.191398269101208,79.55290990697628
2024-02-28,Chennai,18,27.438130600352157,8.405437561126767,75.46775860530295
2024-02-29,Chennai,19,26.877916990283385,12.01535962369912,77.16281455828441
2024-03-01,Chennai,19,28.070793220503862,8.447811608114058,69.49926641822242
2024-03-02,Chennai,18,26.539502967949375,13.55475329236721,73.99023875830862
2024-03-03,Chennai,20,27.633680813925057,10.401822885867764,76.17813470250887
2024-03-04,Chennai,21,26.379592646805527,11.698533601120184,66.6313874221351
2024-03-05,Chennai,17,27.2419298485226,11.283051162882652,76.76600245408375
2024-03-06,Chennai,19,27.319331824720447,13.139874181672075,69.89012644232017
2024-03-07,Chennai,25,26.88092815764817,8.958882793803008,70.49922598577746
2024-03-08,Chennai,21,28.994674627353746,7.419758853040095,72.15408985150209
2024-03-09,Chennai,16,28.937647014587345,7.057420252936332,74.69682057152492
2024-03-10,Chennai,17,29.255683735563704,10.38536192555518,68.2504903263135
2024-03-11,Chennai,20,27.77233552959491,4.342625282297505,79.20855440888896
2024-03-12,Chennai,20,27.541565532278327,4.813284098028695,75.84054154831011
2024-03-13,Chennai,19,28.79023048230022,6.627181975382868,84.5998557972627
2024-03-14,Chennai,24,28.12300405050344,5.429232090343479,76.49026069396245
2024-03-15,Chennai,25,28.122523909710186,7.250446685882717,77.85216297828563
2024-03-16,Chennai,19,25.45608830261425,2.217545469851796,70.73047166729168
2024-03-17,Chennai,22,28.753754836222928,4.34099966377695,69.08577398144254
2024-03-18,Chennai,22,28.615034489220783,3.6817553180586535,78.07901718725749
2024-03-19,Chennai,22,27.97593373041466,1.493845567705896,69.49858171032432
2024-03-20,Chennai,19,28.78396423521085,4.980613285099162,78.1494657916618
2024-03-21,Chennai,24,28.5530662615224,2.627821828042523,83.44143037115468
2024-03-22,Chennai,19,27.234415899887928,2.135203835858979,79.59965777759561
2024-03-23,Chennai,20,27.68754929555381,0.3504947117272459,77.67848723084876
2024-03-24,Chennai,19,26.872293256467184,0.8620174803701492,76.12263264555752
2024-03-25,Chennai,19,29.31158072221701,0.0,72.79771595826989
2024-03-26,Chennai,20,28.792319450050112,2.5516729093218924,74.08057987643865
2024-03-27,Chennai,17,26.963567923082813,2.511689933561505,71.75564149748116
2024-03-28,Chennai,16,28.3552727503424,3.4361414736195672,67.92872372529504
2024-03-29,Chennai,19,27.970485365370507,0.5827818683090202,74.5994361451583
2024-03-30,Chennai,18,26.95803937829356,0.0,79.87193087738805
2024-03-31,Chennai,20,27.71704321386644,0.0,67.79235031446578
2024-04-01,Chennai,20,28.39647207438508,0.0,81.12639599579893
2024-04-02,Chennai,19,28.420049468946875,0.0,80.11116480458911
2024-04-03,Chennai,22,29.750853187277343,0.0,75.8953744160748
2024-04-04,Chennai,19,27.44862223018716,0.0,75.81460126077587
2024-04-05,Chennai,16,27.048760262257435,0.0,72.73104774564032
2024-04-06,Chennai,19,27.777688044599547,0.0,73.73923510552964
2024-04-07,Chennai,21,26.95839764323299,0.0,71.07212297365743
2024-04-08,Chennai,15,26.479114719977733,0.0,73.40322631338451
2024-04-09,Chennai,19,26.057775630353195,0.0,73.79330367984937
2024-04-10,Chennai,20,23.472359300873563,0.0,82.34374780646684
2024-04-11,Chennai,24,27.548263370039763,0.0,75.60325010907899
2024-04-12,Chennai,21,25.08585070220815,0.0,71.56015547180431
2024-04-13,Chennai,19,25.751402433846277,0.0,71.93907133578692
2024-04-14,Chennai,20,26.82820273527856,0.0,68.68825705357206
2024-04-15,Chennai,15,26.1158696092002,0.0,69.32793513648957
2024-04-16,Chennai,16,28.48544834844946,0.0,76.43376176984808
2024-04-17,Chennai,20,24.72288795572881,0.0,69.2154043623643
2024-04-18,Chennai,19,28.364073921995708,0.0,68.39735681535636
2024-04-19,Chennai,19,27.39645754906033,0.0,68.31719878236774
2024-04-20,Chennai,18,26.81283299888554,0.0,67.42361088996778
2024-04-21,Chennai,18,27.228305540150583,0.0,76.49028793360455
2024-04-22,Chennai,18,26.076305855772308,0.0,71.34794136129042
2024-04-23,Chennai,16,23.84863689288205,0.0,68.99822042142416
2024-04-24,Chennai,17,25.9444860459701,0.0,70.3269726333851
2024-04-25,Chennai,15,23.824305874069356,0.0,71.03329242223532
2024-04-26,Chennai,16,24.64962335759704,0.0,65.97225546326631
2024-04-27,Chennai,20,24.970621456892683,0.0,62.51834112806972
2024-04-28,Chennai,17,24.0061295893368,0.0,75.91224879177004
2024-04-29,Chennai,19,25.729553836628305,0.0,73.90919877802698
2024-04-30,Chennai,18,24.433956785212533,0.0,70.60347739846512
2024-05-01,Chennai,17,24.919175289340192,0.0,73.05197041769
2024-05-02,Chennai,15,24.36061516176436,0.0,77.7656233498885
2024-05-03,Chennai,16,24.35443906810058,0.0,65.25096881251993
2024-05-04,Chennai,17,23.19775712775745,0.0,62.05850048550026
2024-05-05,Chennai,18,22.76514381558621,0.0,70.69355547036564
2024-05-06,Chennai,17,23.638238005714136,0.0,59.77588266794407
2024-05-07,Chennai,18,22.677039371011077,0.0,67.02077635928957
2024-05-08,Chennai,14,24.88624761071115,0.0,65.05664024148417
2024-05-09,Chennai,18,21.96425280533369,0.0,69.63322871415426
2024-05-10,Chennai,14,25.52421102981395,0.0,63.56464235890748
2024-05-11,Chennai,18,23.334347294294957,0.0,71.6844529512068
2024-05-12,Chennai,17,22.94542353156047,0.0010454067743252,61.65826364733121
2024-05-13,Chennai,12,22.178334834027336,0.0096393214941206,68.62638033794879
2024-05-14,Chennai,18,23.21682611448063,2.510288570298412,61.46775347568288
2024-05-15,Chennai,18,22.195803688267684,0.0,67.24242003672819
2024-05-16,Chennai,18,22.53966670312888,0.0,59.1252570202674
2024-05-17,Chennai,14,22.91914072099696,0.6047440853743018,63.77440119781261
2024-05-18,Chennai,16,22.583834783494108,0.7756107366423997,70.20019291511751
2024-05-19,Chennai,17,22.990748875108743,0.7191826465389513,63.85794038976066
2024-05-20,Chennai,17,22.124317964975003,0.0,68.8900300768024
2024-05-21,Chennai,16,20.47009787672072,0.0,62.53368803461292
2024-05-22,Chennai,14,19.175837267371413,0.0,59.82905358007187
2024-05-23,Chennai,17,21.300366922060924,3.416169221019909,62.90241220925596
2024-05-24,Chennai,17,21.14802191759166,3.276917619857098,64.82178096029642
2024-05-25,Chennai,15,22.68130677263379,5.050522693475938,51.88863235701525
2024-05-26,Chennai,14,20.472020981779828,4.224683042722107,63.7136657193761
2024-05-27,Chennai,14,20.79457895987957,5.423266769869529,56.08848661729499
2024-05-28,Chennai,18,21.029302622143835,5.899461607471712,54.530547740905554
2024-05-29,Chennai,17,20.597462565139,4.830825829372241,62.85048541692622
2024-05-30,Chennai,15,20.75988934766581,5.265122018750422,66.53491255461333
2024-05-31,Chennai,14,18.929664475495983,0.0,60.60929426835504
2024-06-01,Chennai,11,18.60354700946723,4.735599548572795,52.43530075929953
2024-06-02,Chennai,14,19.131577570732556,5.238875323200833,55.54495695097215
2024-06-03,Chennai,12,17.070556652783708,6.662397851414203,56.492332330348376
2024-06-04,Chennai,15,19.037861646596085,5.430331907659197,59.250687020263776
2024-06-05,Chennai,17,18.251083714821817,9.573095739086694,57.59810102187484
2024-06-06,Chennai,12,19.06658673009569,6.337141056548992,60.12184913559494
2024-06-07,Chennai,15,18.31356564606343,10.701744372674195,62.33480371896467
2024-06-08,Chennai,16,17.398090296051148,6.96511131083873,58.749078719740616
2024-06-09,Chennai,14,19.55996918884802,8.063538535946915,61.20748907383856
2024-06-10,Chennai,13,18.16799378990752,8.287607014284598,55.061713480563085
2024-06-11,Chennai,14,18.78554128746811,9.022689853642918,72.58455188596805
2024-06-12,Chennai,16,17.944321952093166,12.731502684022807,58.567417015442025
2024-06-13,Chennai,14,18.063916432218345,10.069635074565404,58.920095596664375
2024-06-14,Chennai,14,16.07909919322057,10.459961510300747,63.98858202294922
2024-06-15,Chennai,16,18.55950242070903,9.908440315690369,55.34351698320527
2024-06-16,Chennai,15,18.002585023716378,11.189918172367928,51.37977726801122
2024-06-17,Chennai,11,16.948837532559857,12.448024081972926,60.84656616690531
2024-06-18,Chennai,15,17.100793375103333,11.878037896391191,60.849698485312686
2024-06-19,Chennai,15,17.661917971100685,12.288101627042542,54.50374173317913
2024-06-20,Chennai,11,16.135307890135966,14.887668793645576,62.249340365933065
2024-06-21,Chennai,9,14.773765937376195,13.655956204197423,52.75265786385072
2024-06-22,Chennai,11,15.854729349543655,11.045616312208267,57.55140222797882
2024-06-23,Chennai,13,16.21320423136679,13.400841872016446,60.19168961979096
2024-06-24,Chennai,15,15.88293579574233,12.703520554323909,52.83297430426851
2024-06-25,Chennai,11,17.089306248901664,15.015614714731628,54.35600322088025
2024-06-26,Chennai,14,14.670069286955975,14.356936155693228,56.93627244753496
2024-06-27,Chennai,7,14.656842311197495,16.573010291378054,49.71307472455945
2024-06-28,Chennai,13,14.294239136110708,12.977191696085283,47.21477699326059
2024-06-29,Chennai,12,15.645231728793652,14.200617107516958,57.695828989143045
2024-06-30,Chennai,17,13.556774139685064,12.56848349071626,52.3140939722334
2024-07-01,Chennai,9,15.695052843424888,14.707235010316852,48.00573313512149
2024-07-02,Chennai,12,13.8891298420777,11.794516391512104,50.76186078975461
2024-07-03,Chennai,9,13.92191637431912,15.57005787268066,52.59582160622079
2024-07-04,Chennai,11,16.34059089513706,14.858047730337756,41.97293887475367
2024-07-05,Chennai,9,15.680689838598768,15.303608420337778,53.170170943988765
2024-07-06,Chennai,17,14.447519460700637,16.576131291424893,51.40780503722904
2024-07-07,Chennai,11,12.899968485784266,15.438429362039024,57.42113284866093
2024-07-08,Chennai,11,16.110685842863624,12.406590503165656,47.83553726335587
2024-07-09,Chennai,12,13.787805507554385,13.802130679837385,55.60582540502301
2024-07-10,Chennai,10,14.122228150372536,14.689734921479785,48.29173574441153
2024-07-11,Chennai,14,14.679805840302116,14.112724774321022,49.01063057677944
2024-07-12,Chennai,13,11.70095369418887,14.25858046359965,49.52447293315648
2024-07-13,Chennai,14,12.922586264390842,17.797895396045103,58.39618587005771
2024-07-14,Chennai,9,13.396166115882748,14.623320113361729,41.54799861670541
2024-07-15,Chennai,14,13.499463834570824,15.038106097106844,50.04177112451567
2024-07-16,Chennai,13,11.972568723650497,10.090583504319568,47.60398637201145
2024-07-17,Chennai,11,13.512913721482011,15.418709532341568,47.08215430693966
2024-07-18,Chennai,14,13.133725574759987,19.433372341891364,49.97752599164164
2024-07-19,Chennai,12,14.68375878280628,16.208088197360567,52.43583248234943
2024-07-20,Chennai,8,13.936271628745091,12.408689478601383,49.41312450742079
2024-07-21,Chennai,11,12.589384030423997,17.608835352000366,52.785973163166425
2024-07-22,Chennai,10,12.588382732326954,12.845152644202752,45.21604194800075
2024-07-23,Chennai,11,13.727947573954149,13.132933728054988,46.094959163353465
2024-07-24,Chennai,13,12.929291211635048,11.701369273015676,41.20626971855223
2024-07-25,Chennai,7,11.209997098105603,11.353224626210594,56.004148154442376
2024-07-26,Chennai,10,14.61366089380696,7.1350361968658165,45.04119401433599
2024-07-27,Chennai,9,11.472043930134134,12.885867507033446,44.38001178554171
2024-07-28,Chennai,9,14.886253338161444,10.38539029288469,48.79697073331313
2024-07-29,Chennai,9,12.783962618286818,10.261212447172232,51.20291173400367
2024-07-30,Chennai,11,11.6726656797939,10.83200017381082,42.11729441215981
2024-07-31,Chennai,11,9.896570082033715,9.094825107383114,51.42769257267576
2024-08-01,Chennai,11,12.999279207316842,10.081595614355104,43.90070602288153
2024-08-02,Chennai,11,10.634550442911785,11.581980880298126,52.49971219963278
2024-08-03,Chennai,12,12.507952822726368,9.60002941584962,42.577939227253744
2024-08-04,Chennai,15,14.053554251050173,8.09125708036956,48.902089527131565
2024-08-05,Chennai,10,10.954985588278213,7.753108165970533,45.38729494990043
2024-08-06,Chennai,12,12.806954427338628,7.997834100601966,39.49729643514833
2024-08-07,Chennai,12,11.237036113090278,5.524308997380851,38.01136972673704
2024-08-08,Chennai,14,13.165033076022114,7.19242635871851,41.345017332986735
2024-08-09,Chennai,11,12.08447252643049,7.730808275910343,49.99775292171107
2024-08-10,Chennai,8,11.989877095388223,6.119253389125555,35.30098744599738
2024-08-11,Chennai,10,13.210048078403773,4.676842525089907,46.67490442912061
2024-08-12,Chennai,10,12.625402837920976,4.530861015529517,46.23465960651507
2024-08-13,Chennai,12,11.196304514131148,5.98917991014704,36.59038475358312
2024-08-14,Chennai,8,13.792522266360766,2.0648205924442165,41.02566586352996
2024-08-15,Chennai,12,10.47752783893506,2.2138872583874774,41.031115077108005
2024-08-16,Chennai,10,12.300523574848054,0.2166647180234262,45.31000700402952
2024-08-17,Chennai,11,11.216955556673469,3.0849012845368344,52.406341877868726
2024-08-18,Chennai,11,10.571104299657703,4.330618708606865,50.48417652501832
2024-08-19,Chennai,10,10.946163575411902,4.8639730170888775,43.34910385511157
2024-08-20,Chennai,10,12.056617740250816,4.89745033372946,41.05139491610197
2024-08-21,Chennai,11,12.484582530324596,0.0239309322926566,37.460985400183176
2024-08-22,Chennai,14,13.226259129740834,1.5160510325608945,43.42069626702399
2024-08-23,Chennai,6,13.679294028066709,0.0,40.887171750214776
2024-08-24,Chennai,11,12.520317707901182,3.555279559358969,45.27419239296708
2024-08-25,Chennai,10,11.84223576001594,2.501112084981239,45.54389876329999
2024-08-26,Chennai,9,13.370651361343327,0.0,43.24388418956561
2024-08-27,Chennai,5,11.766583720076769,0.0,43.44157635564689
2024-08-28,Chennai,11,10.838566061740464,0.0,42.34511450252101
2024-08-29,Chennai,10,13.429488342531885,0.0,43.35724657369927
2024-08-30,Chennai,8,13.87400091525023,0.0,53.210993747470944
2024-08-31,Chennai,10,11.79117931965656,0.0,48.738398273675735
2024-09-01,Chennai,9,14.639977930758713,1.3780244685898149,48.930166565835535
2024-09-02,Chennai,6,13.331603564789573,0.0,51.46324812612983
2024-09-03,Chennai,10,13.255111738245754,0.0,51.15726879653637
2024-09-04,Chennai,11,12.380232153980062,0.0,53.80554368382889
2024-09-05,Chennai,9,13.993112034464358,1.7923089151028655,49.77175917174671
2024-09-06,Chennai,11,11.533451831224795,0.0,48.009153375507424
2024-09-07,Chennai,10,12.803111671797987,0.0,44.18908498067604
2024-09-08,Chennai,12,12.497838941809364,0.0,43.187369124411966
2024-09-09,Chennai,10,12.013158486904324,0.0,51.890207378120856
2024-09-10,Chennai,12,14.279116528166403,0.0,47.09996712357231
2024-09-11,Chennai,10,13.85421263729858,0.0,41.03761529599781
2024-09-12,Chennai,14,14.41757519759499,0.0,37.55899643521754
2024-09-13,Chennai,10,13.437213585927235,0.0,58.95472708425257
2024-09-14,Chennai,9,14.80599810155476,0.0,43.48454116211165
2024-09-15,Chennai,11,14.00619376904806,0.0,45.18577893727694
2024-09-16,Chennai,9,13.567719901638617,0.0,54.96513880658236
2024-09-17,Chennai,8,13.514423520210636,0.0,42.99458736917722
2024-09-18,Chennai,12,12.286436302017703,0.0,51.91206264068222
2024-09-19,Chennai,5,15.552269653028103,0.0,58.58719356576474
2024-09-20,Chennai,10,15.559839945616218,0.0,60.27340414498361
2024-09-21,Chennai,8,17.559764801792753,0.0,47.69850089661856
2024-09-22,Chennai,12,14.423607508675332,0.0,50.111491560868735
2024-09-23,Chennai,7,14.21957954011586,0.0,48.430030276875165
2024-09-24,Chennai,12,13.315341882524477,0.0,50.56670559866069
2024-09-25,Chennai,13,16.10934786258577,0.0,57.39644818227436
2024-09-26,Chennai,8,16.0139542635745,0.0,44.161177308079694
2024-09-27,Chennai,12,16.972736454962895,0.0,54.654077484497066
2024-09-28,Chennai,13,14.643165199566692,0.0,50.69715037015746
2024-09-29,Chennai,14,16.416984130913473,0.0,58.78116521223152
2024-09-30,Chennai,9,15.321287823371213,0.0,58.78334025651365
2024-10-01,Chennai,9,17.33158989609588,0.0,50.44160569592291
2024-10-02,Chennai,15,16.670405768099652,0.0,52.19770220371196
2024-10-03,Chennai,11,14.72652059264238,0.0,57.49296613650916
2024-10-04,Chennai,11,16.30068323037666,0.0,58.226380476088295
2024-10-05,Chennai,14,14.635007295309016,0.0,41.230906259528375
2024-10-06,Chennai,10,15.572589810405544,0.0,58.32751158577671
2024-10-07,Chennai,12,15.787265409415154,0.0,62.40127738899197
2024-10-08,Chennai,15,16.404686078556864,1.2195966401453635,55.73859844523377
2024-10-09,Chennai,10,16.939810944443543,0.56450777715827,59.505563479118194
2024-10-10,Chennai,12,17.525184322843106,1.2205393504126922,61.44490793640425
2024-10-11,Chennai,11,17.634416912075896,4.275928010386251,56.45772706802686
2024-10-12,Chennai,12,17.656376520450564,0.5442930563604882,59.721597205347024
2024-10-13,Chennai,16,18.1740112587919,0.4554899414672403,56.01648091946085
2024-10-14,Chennai,16,16.754173747568423,2.8836132309105285,55.99659997118792
2024-10-15,Chennai,14,18.240371052948483,4.515492160502263,53.2557784969378
2024-10-16,Chennai,15,19.765684630764085,0.0,57.73616024263181
2024-10-17,Chennai,15,18.330192926979137,0.9033173674031744,66.61427621400324
2024-10-18,Chennai,12,19.15610279494249,0.0,52.9777067647906
2024-10-19,Chennai,14,19.22908009141909,2.785795386135768,60.88584345990927
2024-10-20,Chennai,12,19.856266923373884,4.283477693784775,59.71852256119173
2024-10-21,Chennai,12,19.44812472749972,1.0162774360380191,65.80098727203223
2024-10-22,Chennai,14,20.17370887649197,5.594378577163365,67.0551108906921
2024-10-23,Chennai,12,20.00328943153761,2.835844290822437,54.43360883040749
2024-10-24,Chennai,12,20.32116001869362,3.0908480520786714,56.49868838421762
2024-10-25,Chennai,14,20.274028033250566,6.839720268946959,57.0868819205897
2024-10-26,Chennai,17,18.99321065217064,3.749718883526247,57.57900306161336
